chr,pos,mu,theta
chr1,71732,0.726492230849544,0.293289660844112
chr1,71788,0.690680608365942,2.29093065347872e-16
